,time_optimal_par_comp,num_tech,optimal_alpha_comp,preferences_comp,number_iterations_tech,time_conv_tech,time_conv_total,optimal_beta_comp,time_optimal_par_tech,preferences_tech,spearman_corr_with_cb,number_iterations_comp,num_comp,optimal_beta_tech,time_conv_comp,optimal_alpha_tech,name
0,10.67809796333313,32,1.48,"{'previous_investments': 100, 'crunchbase_rank': 0}",31,0.6708359718322754,1.2560100555419922,0.32,12.678175449371338,{'previous_investments': 100},-0.4545454545454545,21,10,-2.0,0.5851740837097168,0.64,"comp:10, tech:32"
2,39.08099293708801,131,-0.24,"{'previous_investments': 100, 'crunchbase_rank': 0}",312,15.934292554855348,30.17371153831482,0.52,45.89584755897522,{'previous_investments': 100},0.3345704607589638,107,100,-0.56,14.239418983459473,0.8,"comp:100, tech:131"
4,161.2225775718689,199,-0.28,"{'previous_investments': 100, 'crunchbase_rank': 0}",44,246.2793836593628,496.64191937446594,0.32,100.2317759990692,{'previous_investments': 100},0.0449161861326758,61,500,0.0,250.36253571510315,-2.0,"comp:500, tech:199"
5,579.6378242969513,254,-0.04,"{'previous_investments': 100, 'crunchbase_rank': 0}",5000,1237.2686989307404,2630.899075984955,1.04,216.8914544582367,{'previous_investments': 100},-0.1314039409571077,5000,999,-0.92,1393.6303770542145,1.48,"comp:999, tech:254"
6,1109.8410804271698,290,-0.16,"{'previous_investments': 100, 'crunchbase_rank': 0}",50,2724.1702785491943,5507.635714769363,0.56,328.62882137298584,{'previous_investments': 100},0.0662957582418941,63,1499,0.2,2783.465436220169,-2.0,"comp:1499, tech:290"
7,1814.787641048432,326,-0.12,"{'previous_investments': 100, 'crunchbase_rank': 0}",140,5311.529262304306,10622.011689424517,0.64,473.2825570106506,{'previous_investments': 100},0.1248426570164361,69,1999,0.0,5310.482427120209,-2.0,"comp:1999, tech:326"
8,3306.564833879471,368,-0.12,"{'previous_investments': 100, 'crunchbase_rank': 0}",150,14652.662794351578,28840.781013965607,0.64,776.1188681125641,{'previous_investments': 100},0.1144346719796979,79,2997,0.0,14188.118219614027,-2.0,"comp:2997, tech:368"
9,10524.183148860931,437,0.0,"{'previous_investments': 100, 'crunchbase_rank': 0}",419,45887.16045308113,90364.96532297134,-2.0,4405.328067541122,{'previous_investments': 100},0.2113039570160353,114,4996,1.08,44477.80486989021,0.52,"comp:4996, tech:437"
