,Unnamed: 0,Unnamed: 0.1,Unnamed: 0.1.1,Unnamed: 0.1.1.1,time_conv_tech,preferences_comp,number_iterations_comp,number_iterations_tech,time_conv_total,optimal_alpha_tech,num_comp,num_tech,optimal_alpha_comp,optimal_beta_comp,preferences_tech,optimal_beta_tech,time_optimal_par_comp,time_optimal_par_tech,spearman_corr_with_cb,time_conv_comp
0,0.0,0.0,0.0,0.0,0.7271130084991455,"{'previous_investments': 100, 'crunchbase_rank': 0}",28,10,1.4215795993804932,-2.0,10,26,0.12,1.2,{'previous_investments': 100},0.0,10.243828296661375,12.228125810623167,0.0181818181818181,0.6944665908813477
1,1.0,1.0,1.0,1.0,14.338476657867432,"{'previous_investments': 100, 'crunchbase_rank': 0}",171,423,27.840224981307983,0.92,100,131,0.16,1.6,{'previous_investments': 100},0.36,28.765347957611084,35.41752028465271,-0.3244534187035866,13.501748323440552
2,2.0,2.0,2.0,2.0,481.5605065822601,"{'previous_investments': 100, 'crunchbase_rank': 0}",224,748,965.2763595581056,0.6,500,305,0.12,1.44,{'previous_investments': 100},1.24,193.0918810367584,160.13507270812988,-0.2670096664468979,483.7158529758453
3,3.0,3.0,3.0,3.0,2059.376351118088,"{'previous_investments': 100, 'crunchbase_rank': 0}",386,1000,4162.843267917633,0.88,1000,384,0.04,1.24,{'previous_investments': 100},0.6,710.2607400417328,319.0798223018646,-0.2402227869434553,2103.4669167995453
4,4.0,4.0,4.0,,1980.0215706825256,"{'previous_investments': 100, 'crunchbase_rank': 0}",386,2926,3966.0115547180176,0.88,1000,384,0.04,1.24,{'previous_investments': 100},0.6,673.4336669445038,316.8650116920471,-0.2402227869434553,1985.989984035492
5,5.0,5.0,,,4827.284380674362,"{'previous_investments': 100, 'crunchbase_rank': 0}",380,2069,9754.326340198517,0.92,1499,431,0.0,1.04,{'previous_investments': 100},0.44,1281.0382070541382,486.0228507518768,-0.2737913609284617,4927.041959524155
6,6.0,,,,8346.164011955261,"{'previous_investments': 100, 'crunchbase_rank': 0}",898,2015,16908.746072292328,0.96,1999,456,0.0,1.04,{'previous_investments': 100},0.28,2025.591986179352,657.7173991203308,-0.2858374308347257,8562.582060337067
7,,,,,12347.662377357483,"{'previous_investments': 100, 'crunchbase_rank': 0}",468,2143,24920.755742311478,0.96,2442,478,0.0,1.04,{'previous_investments': 100},0.2,2633.770201921463,814.7820868492126,-0.3166055575873576,12573.093364953995
