,Unnamed: 0,Unnamed: 0.1,time_optimal_par_comp,num_tech,optimal_alpha_comp,preferences_comp,number_iterations_tech,time_conv_tech,time_conv_total,optimal_beta_comp,time_optimal_par_tech,preferences_tech,spearman_corr_with_cb,number_iterations_comp,num_comp,optimal_beta_tech,time_conv_comp,optimal_alpha_tech
0,0.0,0.0,10.67809796333313,32,1.48,"{'previous_investments': 100, 'crunchbase_rank': 0}",31,0.6708359718322754,1.2560100555419922,0.32,12.678175449371338,{'previous_investments': 100},-0.4545454545454545,21,10,-2.0,0.5851740837097168,0.64
1,1.0,1.0,26.5567307472229,95,-0.44,"{'previous_investments': 100, 'crunchbase_rank': 0}",4520,18.29587292671204,26.579914808273315,0.68,26.6572494506836,{'previous_investments': 100},-0.0588482379142782,101,100,-0.96,8.28404188156128,1.56
2,2.0,2.0,579.6378242969513,254,-0.04,"{'previous_investments': 100, 'crunchbase_rank': 0}",5000,1237.2686989307404,2630.899075984955,1.04,216.8914544582367,{'previous_investments': 100},-0.1314039409571077,5000,999,-0.92,1393.6303770542145,1.48
3,3.0,3.0,7594.369555711746,437,-0.08,"{'previous_investments': 100, 'crunchbase_rank': 0}",2416,46831.360480070114,96937.29951310158,1.24,1644.9460773468018,{'previous_investments': 100},-0.147372740240209,5000,4996,0.0,50105.93903303146,1.04
4,,,39.08099293708801,131,-0.24,"{'previous_investments': 100, 'crunchbase_rank': 0}",312,15.934292554855347,30.17371153831482,0.52,45.89584755897522,{'previous_investments': 100},0.33457046075896385,107,100,-0.56,14.239418983459473,0.8
